sample,fastq1,fastq2
105603_P008_WB01_25925147_Calopterygidae_Mnais_andersoni,fastq/RAPiD-Genomics_F373_BYU_105603_P008_WB01_i5-1100_i7-31_S13943_L002_R1_001.fastq.gz,fastq/RAPiD-Genomics_F373_BYU_105603_P008_WB01_i5-1100_i7-31_S13943_L002_R2_001.fastq.gz
105603_P008_WE01_25925157_Platycnemididae_Calicnemia_erythromelas,fastq/RAPiD-Genomics_F373_BYU_105603_P008_WE01_i5-1100_i7-48_S13531_L002_R1_001.fastq.gz,fastq/RAPiD-Genomics_F373_BYU_105603_P008_WE01_i5-1100_i7-48_S13531_L002_R2_001.fastq.gz
105603_P004_WD08_25925418_Platycnemididae_Risiocnemis_praeusta,fastq/RAPiD-Genomics_F373_BYU_105603_P004_WD08_i5-1096_i7-80_S13782_L002_R1_001.fastq.gz,fastq/RAPiD-Genomics_F373_BYU_105603_P004_WD08_i5-1096_i7-80_S13782_L002_R2_001.fastq.gz
105603_P004_WH08_25925483_Argiolestidae_Metagrion_aurantiacum,fastq/RAPiD-Genomics_F373_BYU_105603_P004_WH08_i5-1096_i7-85_S13734_L002_R1_001.fastq.gz,fastq/RAPiD-Genomics_F373_BYU_105603_P004_WH08_i5-1096_i7-85_S13734_L002_R2_001.fastq.gz
105603_P004_WD06_25925508_Devadattidae_Devadatta_cyanocephala,fastq/RAPiD-Genomics_F373_BYU_105603_P004_WD06_i5-1096_i7-50_S13780_L002_R1_001.fastq.gz,fastq/RAPiD-Genomics_F373_BYU_105603_P004_WD06_i5-1096_i7-50_S13780_L002_R2_001.fastq.gz
105603_P004_WH06_25925540_Argiolestidae_Neurolestes_nigeriensis,fastq/RAPiD-Genomics_F373_BYU_105603_P004_WH06_i5-1096_i7-49_S13732_L002_R1_001.fastq.gz,fastq/RAPiD-Genomics_F373_BYU_105603_P004_WH06_i5-1096_i7-49_S13732_L002_R2_001.fastq.gz
105603_P004_WD07_25925549_Platycnemididae_Indocnemis_ambigua,fastq/RAPiD-Genomics_F373_BYU_105603_P004_WD07_i5-1096_i7-86_S13781_L002_R1_001.fastq.gz,fastq/RAPiD-Genomics_F373_BYU_105603_P004_WD07_i5-1096_i7-86_S13781_L002_R2_001.fastq.gz
105603_P011_WD08_4002184661_Calopterygidae_Umma_declivium,fastq/RAPiD-Genomics_F373_BYU_105603_P011_WD08_i5-1103_i7-80_S14246_L002_R1_001.fastq.gz,fastq/RAPiD-Genomics_F373_BYU_105603_P011_WD08_i5-1103_i7-80_S14246_L002_R2_001.fastq.gz
105603_P015_WH08_4003826923_Coenagrionidae_Aciagrion_steeleae,fastq/RAPiD-Genomics_F375_BYU_105603_P015_WH08_i5-1097_i7-85_S12436_L002_R1_001.fastq.gz,fastq/RAPiD-Genomics_F375_BYU_105603_P015_WH08_i5-1097_i7-85_S12436_L002_R2_001.fastq.gz
105603_P015_WA01_4003831544_Lestidae_Lestes_elatus,fastq/RAPiD-Genomics_F375_BYU_105603_P015_WA01_i5-1097_i7-59_S12345_L002_R1_001.fastq.gz,fastq/RAPiD-Genomics_F375_BYU_105603_P015_WA01_i5-1097_i7-59_S12345_L002_R2_001.fastq.gz
105603_P016_WA05_4007598701_Macromiidae_Macromia_tillyardi,fastq/RAPiD-Genomics_F375_BYU_105603_P016_WA05_i5-1098_i7-38_S12445_L002_R1_001.fastq.gz,fastq/RAPiD-Genomics_F375_BYU_105603_P016_WA05_i5-1098_i7-38_S12445_L002_R2_001.fastq.gz
105603_P004_WD04_25925718_Coenagrionidae_Pseudagrion_pruinosum,fastq/RAPiD-Genomics_F373_BYU_105603_P004_WD04_i5-1096_i7-91_S13778_L002_R1_001.fastq.gz,fastq/RAPiD-Genomics_F373_BYU_105603_P004_WD04_i5-1096_i7-91_S13778_L002_R2_001.fastq.gz
105603_P017_WD08_4010129061_Corduliidae_Hemicordulia_olympica,fastq/RAPiD-Genomics_F375_BYU_105603_P017_WD08_i5-1099_i7-80_S12580_L002_R1_001.fastq.gz,fastq/RAPiD-Genomics_F375_BYU_105603_P017_WD08_i5-1099_i7-80_S12580_L002_R2_001.fastq.gz
105603_P005_WA06_GEODE8080_Coenagrionidae_Telebasis_sanguinalis,fastq/RAPiD-Genomics_F373_BYU_105603_P005_WA06_i5-1097_i7-74_S13712_L002_R1_001.fastq.gz,fastq/RAPiD-Genomics_F373_BYU_105603_P005_WA06_i5-1097_i7-74_S13712_L002_R2_001.fastq.gz
105603_P005_WA07_GEODE8081_Coenagrionidae_Telebasis_selaopyge,fastq/RAPiD-Genomics_F373_BYU_105603_P005_WA07_i5-1097_i7-77_S13713_L002_R1_001.fastq.gz,fastq/RAPiD-Genomics_F373_BYU_105603_P005_WA07_i5-1097_i7-77_S13713_L002_R2_001.fastq.gz
105603_P005_WA09_GEODE8083_Coenagrionidae_Argia_medullaris,fastq/RAPiD-Genomics_F373_BYU_105603_P005_WA09_i5-1097_i7-36_S13715_L002_R1_001.fastq.gz,fastq/RAPiD-Genomics_F373_BYU_105603_P005_WA09_i5-1097_i7-36_S13715_L002_R2_001.fastq.gz
105603_P005_WA10_GEODE8084_Coenagrionidae_Ischnura_stueberi,fastq/RAPiD-Genomics_F373_BYU_105603_P005_WA10_i5-1097_i7-54_S13716_L002_R1_001.fastq.gz,fastq/RAPiD-Genomics_F373_BYU_105603_P005_WA10_i5-1097_i7-54_S13716_L002_R2_001.fastq.gz
105603_P005_WB01_GEODE8087_Coenagrionidae_Metaleptobasis_gibbosa,fastq/RAPiD-Genomics_F373_BYU_105603_P005_WB01_i5-1097_i7-31_S13719_L002_R1_001.fastq.gz,fastq/RAPiD-Genomics_F373_BYU_105603_P005_WB01_i5-1097_i7-31_S13719_L002_R2_001.fastq.gz
105603_P005_WC07_GEODE8105_Coenagrionidae_Drepanoneura_tennesseni,fastq/RAPiD-Genomics_F373_BYU_105603_P005_WC07_i5-1097_i7-62_S13705_L002_R1_001.fastq.gz,fastq/RAPiD-Genomics_F373_BYU_105603_P005_WC07_i5-1097_i7-62_S13705_L002_R2_001.fastq.gz
105603_P005_WD07_GEODE8117_Coenagrionidae_Teinobasis_fortis,fastq/RAPiD-Genomics_F373_BYU_105603_P005_WD07_i5-1097_i7-86_S13829_L002_R1_001.fastq.gz,fastq/RAPiD-Genomics_F373_BYU_105603_P005_WD07_i5-1097_i7-86_S13829_L002_R2_001.fastq.gz
105603_P005_WD08_GEODE8118_Coenagrionidae_Neoneura_bilinearis,fastq/RAPiD-Genomics_F373_BYU_105603_P005_WD08_i5-1097_i7-80_S13830_L002_R1_001.fastq.gz,fastq/RAPiD-Genomics_F373_BYU_105603_P005_WD08_i5-1097_i7-80_S13830_L002_R2_001.fastq.gz
105603_P005_WD09_GEODE8119_Platycnemididae_Coeliccia_renifera,fastq/RAPiD-Genomics_F373_BYU_105603_P005_WD09_i5-1097_i7-64_S13831_L002_R1_001.fastq.gz,fastq/RAPiD-Genomics_F373_BYU_105603_P005_WD09_i5-1097_i7-64_S13831_L002_R2_001.fastq.gz
105603_P006_WD02_GEODE8203_Platystictidae_Protosticta_marenae,fastq/RAPiD-Genomics_F373_BYU_105603_P006_WD02_i5-1098_i7-72_S13664_L002_R1_001.fastq.gz,fastq/RAPiD-Genomics_F373_BYU_105603_P006_WD02_i5-1098_i7-72_S13664_L002_R2_001.fastq.gz
105603_P006_WD04_GEODE8205_Platystictidae_Protosticta_pariwonoi,fastq/RAPiD-Genomics_F373_BYU_105603_P006_WD04_i5-1098_i7-91_S13666_L002_R1_001.fastq.gz,fastq/RAPiD-Genomics_F373_BYU_105603_P006_WD04_i5-1098_i7-91_S13666_L002_R2_001.fastq.gz
105603_P007_WD01_GEODE8276_Coenagrionidae_Argia_orichalcea,fastq/RAPiD-Genomics_F373_BYU_105603_P007_WD01_i5-1099_i7-52_S13599_L002_R1_001.fastq.gz,fastq/RAPiD-Genomics_F373_BYU_105603_P007_WD01_i5-1099_i7-52_S13599_L002_R2_001.fastq.gz
105603_P019_WD01_GEODE8372_Platystictidae_Drepanosticta_sundana,fastq/RAPiD-Genomics_F375_BYU_105603_P019_WD01_i5-1101_i7-52_S12765_L002_R1_001.fastq.gz,fastq/RAPiD-Genomics_F375_BYU_105603_P019_WD01_i5-1101_i7-52_S12765_L002_R2_001.fastq.gz
105603_P020_WA08_GEODE8432_Platycnemididae_Indocnemis_orang,fastq/RAPiD-Genomics_F375_BYU_105603_P020_WA08_i5-1102_i7-16_S12832_L002_R1_001.fastq.gz,fastq/RAPiD-Genomics_F375_BYU_105603_P020_WA08_i5-1102_i7-16_S12832_L002_R2_001.fastq.gz
105603_P020_WE04_GEODE8476_Argiolestidae_Nesolestes_pulverulans,fastq/RAPiD-Genomics_F375_BYU_105603_P020_WE04_i5-1102_i7-21_S12876_L002_R1_001.fastq.gz,fastq/RAPiD-Genomics_F375_BYU_105603_P020_WE04_i5-1102_i7-21_S12876_L002_R2_001.fastq.gz
105603_P020_WE05_GEODE8477_Argiolestidae_Podolestes_atomarius,fastq/RAPiD-Genomics_F375_BYU_105603_P020_WE05_i5-1102_i7-94_S12877_L002_R1_001.fastq.gz,fastq/RAPiD-Genomics_F375_BYU_105603_P020_WE05_i5-1102_i7-94_S12877_L002_R2_001.fastq.gz
105603_P020_WF07_GEODE8491_Platystictidae_Drepanosticta_carmichaeli,fastq/RAPiD-Genomics_F375_BYU_105603_P020_WF07_i5-1102_i7-33_S12891_L002_R1_001.fastq.gz,fastq/RAPiD-Genomics_F375_BYU_105603_P020_WF07_i5-1102_i7-33_S12891_L002_R2_001.fastq.gz
105603_P021_WC04_GEODE8548_Heteragrionidae_Heteragrion_chlorotaeniatum,fastq/RAPiD-Genomics_F375_BYU_105603_P021_WC04_i5-1103_i7-19_S12948_L002_R1_001.fastq.gz,fastq/RAPiD-Genomics_F375_BYU_105603_P021_WC04_i5-1103_i7-19_S12948_L002_R2_001.fastq.gz
105603_P021_WC08_GEODE8552_Heteragrionidae_Heteragrion_eboratum,fastq/RAPiD-Genomics_F375_BYU_105603_P021_WC08_i5-1103_i7-17_S12952_L002_R1_001.fastq.gz,fastq/RAPiD-Genomics_F375_BYU_105603_P021_WC08_i5-1103_i7-17_S12952_L002_R2_001.fastq.gz
105603_P021_WC10_GEODE8554_Megapodagrionidae_Teinopodagrion_angulatum,fastq/RAPiD-Genomics_F375_BYU_105603_P021_WC10_i5-1103_i7-47_S12954_L002_R1_001.fastq.gz,fastq/RAPiD-Genomics_F375_BYU_105603_P021_WC10_i5-1103_i7-47_S12954_L002_R2_001.fastq.gz
105603_P008_WC12_25923161_Gomphidae_Microgomphus_nyassicus,fastq/RAPiD-Genomics_F373_BYU_105603_P008_WC12_i5-1100_i7-43_S13966_L002_R1_001.fastq.gz,fastq/RAPiD-Genomics_F373_BYU_105603_P008_WC12_i5-1100_i7-43_S13966_L002_R2_001.fastq.gz
105603_P014_WH06_4003832133_Corduliidae_Hemicordulia_ericetorum,fastq/RAPiD-Genomics_F375_BYU_105603_P014_WH06_i5-1096_i7-49_S12338_L002_R1_001.fastq.gz,fastq/RAPiD-Genomics_F375_BYU_105603_P014_WH06_i5-1096_i7-49_S12338_L002_R2_001.fastq.gz
105603_P014_WA05_4003832222_Coenagrionidae_Amphicnemis_bebar,fastq/RAPiD-Genomics_F375_BYU_105603_P014_WA05_i5-1096_i7-38_S12253_L002_R1_001.fastq.gz,fastq/RAPiD-Genomics_F375_BYU_105603_P014_WA05_i5-1096_i7-38_S12253_L002_R2_001.fastq.gz
105603_P016_WE03_4007598672_Coenagrionidae_Ceriagrion_aeruginosum,fastq/RAPiD-Genomics_F375_BYU_105603_P016_WE03_i5-1098_i7-87_S12491_L002_R1_001.fastq.gz,fastq/RAPiD-Genomics_F375_BYU_105603_P016_WE03_i5-1098_i7-87_S12491_L002_R2_001.fastq.gz
105603_P016_WH03_4007598684_Aeshnidae_Gynacantha_nourlangie,fastq/RAPiD-Genomics_F375_BYU_105603_P016_WH03_i5-1098_i7-88_S12527_L002_R1_001.fastq.gz,fastq/RAPiD-Genomics_F375_BYU_105603_P016_WH03_i5-1098_i7-88_S12527_L002_R2_001.fastq.gz
105603_P017_WD09_4010129101_Lestoideidae_Diphlebia_hybridoides,fastq/RAPiD-Genomics_F375_BYU_105603_P017_WD09_i5-1099_i7-64_S12581_L002_R1_001.fastq.gz,fastq/RAPiD-Genomics_F375_BYU_105603_P017_WD09_i5-1099_i7-64_S12581_L002_R2_001.fastq.gz
105603_P019_WB11_GEODE8358_Calopterygidae_Mnesarete_guttifera,fastq/RAPiD-Genomics_F375_BYU_105603_P019_WB11_i5-1101_i7-5_S12751_L002_R1_001.fastq.gz,fastq/RAPiD-Genomics_F375_BYU_105603_P019_WB11_i5-1101_i7-5_S12751_L002_R2_001.fastq.gz
105603_P019_WC01_GEODE8360_Calopterygidae_Mnesarete_smaragdina,fastq/RAPiD-Genomics_F375_BYU_105603_P019_WC01_i5-1101_i7-65_S12753_L002_R1_001.fastq.gz,fastq/RAPiD-Genomics_F375_BYU_105603_P019_WC01_i5-1101_i7-65_S12753_L002_R2_001.fastq.gz
105603_P020_WA01_GEODE8425_Platycnemididae_Calicnemia_haksik,fastq/RAPiD-Genomics_F375_BYU_105603_P020_WA01_i5-1102_i7-59_S12825_L002_R1_001.fastq.gz,fastq/RAPiD-Genomics_F375_BYU_105603_P020_WA01_i5-1102_i7-59_S12825_L002_R2_001.fastq.gz
105603_P008_WF04_25924681_Argiolestidae_Argiolestes_tuberculiferus,fastq/RAPiD-Genomics_F373_BYU_105603_P008_WF04_i5-1100_i7-45_S13546_L002_R1_001.fastq.gz,fastq/RAPiD-Genomics_F373_BYU_105603_P008_WF04_i5-1100_i7-45_S13546_L002_R2_001.fastq.gz
105603_P008_WA02_25924910_Platycnemididae_Elattoneura_aurantiaca,fastq/RAPiD-Genomics_F373_BYU_105603_P008_WA02_i5-1100_i7-27_S13932_L002_R1_001.fastq.gz,fastq/RAPiD-Genomics_F373_BYU_105603_P008_WA02_i5-1100_i7-27_S13932_L002_R2_001.fastq.gz
105603_P004_WC12_25925111_Calopterygidae_Caliphaea_angka,fastq/RAPiD-Genomics_F373_BYU_105603_P004_WC12_i5-1096_i7-43_S13774_L002_R1_001.fastq.gz,fastq/RAPiD-Genomics_F373_BYU_105603_P004_WC12_i5-1096_i7-43_S13774_L002_R2_001.fastq.gz
105603_P004_WE12_25925123_Aeshnidae_Gynacantha_bayadera,fastq/RAPiD-Genomics_F373_BYU_105603_P004_WE12_i5-1096_i7-76_S13766_L002_R1_001.fastq.gz,fastq/RAPiD-Genomics_F373_BYU_105603_P004_WE12_i5-1096_i7-76_S13766_L002_R2_001.fastq.gz
105603_P004_WG12_25925143_Libellulidae_Sympetrum_hypomelas,fastq/RAPiD-Genomics_F373_BYU_105603_P004_WG12_i5-1096_i7-42_S13726_L002_R1_001.fastq.gz,fastq/RAPiD-Genomics_F373_BYU_105603_P004_WG12_i5-1096_i7-42_S13726_L002_R2_001.fastq.gz
105603_P015_WH11_4003821887_Aeshnidae_Agyrtacantha_browni,fastq/RAPiD-Genomics_F375_BYU_105603_P015_WH11_i5-1097_i7-95_S12439_L002_R1_001.fastq.gz,fastq/RAPiD-Genomics_F375_BYU_105603_P015_WH11_i5-1097_i7-95_S12439_L002_R2_001.fastq.gz
105603_P006_WA02_GEODE7997_Coenagrionidae_Acanthagrion_phallicorne,fastq/RAPiD-Genomics_F373_BYU_105603_P006_WA02_i5-1098_i7-27_S13868_L002_R1_001.fastq.gz,fastq/RAPiD-Genomics_F373_BYU_105603_P006_WA02_i5-1098_i7-27_S13868_L002_R2_001.fastq.gz
105603_P019_WB04_GEODE8351_Calopterygidae_Mnesarete_drepane,fastq/RAPiD-Genomics_F375_BYU_105603_P019_WB04_i5-1101_i7-20_S12744_L002_R1_001.fastq.gz,fastq/RAPiD-Genomics_F375_BYU_105603_P019_WB04_i5-1101_i7-20_S12744_L002_R2_001.fastq.gz
